<?xml version="1.0" encoding="UTF-8"?><module codename="eu.europa.ec.joinup.sat.nbdemetra.spreadsheet">
    <module_version install_time="1422430615906" last="true" origin="installer" specification_version="1.5.2">
        <file crc="2571668364" name="config/Modules/eu-europa-ec-joinup-sat-nbdemetra-spreadsheet.xml"/>
        <file crc="2667973012" name="modules/eu-europa-ec-joinup-sat-nbdemetra-spreadsheet.jar"/>
        <file crc="1991922540" name="modules/ext/commons-codec/commons-codec-1.5.jar"/>
        <file crc="2050839146" name="modules/ext/dom4j/dom4j-1.6.1.jar"/>
        <file crc="418644311" name="modules/ext/eu.europa.ec.joinup.sat/demetra-spreadsheet-1.5.2.jar"/>
        <file crc="3608357532" name="modules/ext/eu.europa.ec.joinup.sat/spreadsheet-api-1.5.2.jar"/>
        <file crc="1429627861" name="modules/ext/eu.europa.ec.joinup.sat/spreadsheet-html-1.5.2.jar"/>
        <file crc="1022294217" name="modules/ext/eu.europa.ec.joinup.sat/spreadsheet-od-1.5.2.jar"/>
        <file crc="2050818113" name="modules/ext/eu.europa.ec.joinup.sat/spreadsheet-poi-1.5.2.jar"/>
        <file crc="2111017460" name="modules/ext/eu.europa.ec.joinup.sat/spreadsheet-xmlss-1.5.2.jar"/>
        <file crc="2205343299" name="modules/ext/org.apache.poi/poi-3.10-FINAL.jar"/>
        <file crc="2620853385" name="modules/ext/org.apache.poi/poi-ooxml-3.10-FINAL.jar"/>
        <file crc="2549026757" name="modules/ext/org.apache.poi/poi-ooxml-schemas-3.10-FINAL.jar"/>
        <file crc="3116060521" name="modules/ext/org.apache.xmlbeans/xmlbeans-2.3.0.jar"/>
        <file crc="842053307" name="modules/ext/org.jopendocument/jOpenDocument-1.2.jar"/>
        <file crc="3563037387" name="modules/ext/xml-apis/xml-apis-1.0.b2.jar"/>
        <file crc="3032782579" name="update_tracking/eu-europa-ec-joinup-sat-nbdemetra-spreadsheet.xml"/>
    </module_version>
</module>
