<?xml version="1.0" encoding="UTF-8"?><module codename="eu.europa.ec.joinup.sat.nbdemetra.ui">
    <module_version install_time="1422430615357" last="true" origin="installer" specification_version="1.5.2">
        <file crc="984254055" name="config/Modules/eu-europa-ec-joinup-sat-nbdemetra-ui.xml"/>
        <file crc="887337749" name="modules/eu-europa-ec-joinup-sat-nbdemetra-ui.jar"/>
        <file crc="2239808054" name="modules/ext/com.l2fprod.common/l2fprod-common-all-7.3.jar"/>
        <file crc="385887944" name="modules/ext/com.miglayout/miglayout-3.7.4.jar"/>
        <file crc="61254841" name="modules/ext/com.toedter/jcalendar-1.4.jar"/>
        <file crc="835624631" name="modules/ext/eu.europa.ec.joinup.sat/nbdemetra-utils-1.5.2.jar"/>
        <file crc="851109511" name="modules/ext/net.java.dev.jna/jna-3.5.2.jar"/>
        <file crc="2885464875" name="modules/ext/net.java.dev.jna/platform-3.5.2.jar"/>
        <file crc="4135575409" name="modules/ext/org.jfree/jcommon-1.0.23.jar"/>
        <file crc="2688481381" name="modules/ext/org.jfree/jfreechart-1.0.19.jar"/>
        <file crc="3379943687" name="modules/ext/org.swinglabs/swing-layout-1.0.3.jar"/>
        <file crc="4055941155" name="update_tracking/eu-europa-ec-joinup-sat-nbdemetra-ui.xml"/>
    </module_version>
</module>
