<?xml version="1.0" encoding="UTF-8"?><module codename="eu.europa.ec.joinup.sat.nbdemetra.branding">
    <module_version install_time="1422430614947" last="true" origin="installer" specification_version="1.5.2">
        <file crc="3613821540" name="config/Modules/eu-europa-ec-joinup-sat-nbdemetra-branding.xml"/>
        <file crc="300545940" name="core/locale/core_nbdemetra.jar"/>
        <file crc="3473193305" name="modules/eu-europa-ec-joinup-sat-nbdemetra-branding.jar"/>
        <file crc="833557857" name="modules/locale/org-netbeans-core-windows_nbdemetra.jar"/>
        <file crc="2028657898" name="modules/locale/org-netbeans-core_nbdemetra.jar"/>
        <file crc="1414692102" name="update_tracking/eu-europa-ec-joinup-sat-nbdemetra-branding.xml"/>
    </module_version>
</module>
