<?xml version="1.0" encoding="UTF-8"?><module codename="eu.europa.ec.joinup.sat.nbdemetra.core">
    <module_version install_time="1422430615206" last="true" origin="installer" specification_version="1.5.2">
        <file crc="1230766094" name="config/Modules/eu-europa-ec-joinup-sat-nbdemetra-core.xml"/>
        <file crc="1166051342" name="modules/eu-europa-ec-joinup-sat-nbdemetra-core.jar"/>
        <file crc="2520861967" name="modules/ext/com.google.code.findbugs/jsr305-3.0.0.jar"/>
        <file crc="3315777451" name="modules/ext/com.google.guava/guava-18.0.jar"/>
        <file crc="1633841300" name="modules/ext/eu.europa.ec.joinup.sat/demetra-tss-1.5.2.jar"/>
        <file crc="2531791052" name="modules/ext/eu.europa.ec.joinup.sat/demetra-tstoolkit-1.5.2.jar"/>
        <file crc="3360763698" name="modules/ext/eu.europa.ec.joinup.sat/demetra-utils-1.5.2.jar"/>
        <file crc="526264067" name="modules/ext/org.slf4j/jcl-over-slf4j-1.7.7.jar"/>
        <file crc="76922161" name="modules/ext/org.slf4j/slf4j-api-1.7.7.jar"/>
        <file crc="3882684915" name="modules/ext/org.slf4j/slf4j-jdk14-1.7.7.jar"/>
        <file crc="1159910777" name="update_tracking/eu-europa-ec-joinup-sat-nbdemetra-core.xml"/>
    </module_version>
</module>
