<?xml version="1.0" encoding="UTF-8"?><module codename="org.netbeans.modules.db.metadata.model/1">
    <module_version install_time="1422430133305" last="true" origin="installer" specification_version="1.7.1">
        <file crc="3021893472" name="config/Modules/org-netbeans-modules-db-metadata-model.xml"/>
        <file crc="1494192989" name="modules/locale/org-netbeans-modules-db-metadata-model_ja.jar"/>
        <file crc="2706843802" name="modules/locale/org-netbeans-modules-db-metadata-model_pt_BR.jar"/>
        <file crc="3414042843" name="modules/locale/org-netbeans-modules-db-metadata-model_ru.jar"/>
        <file crc="1396367000" name="modules/locale/org-netbeans-modules-db-metadata-model_zh_CN.jar"/>
        <file crc="2134922136" name="modules/org-netbeans-modules-db-metadata-model.jar"/>
    </module_version>
</module>
