<?xml version="1.0" encoding="UTF-8"?>
<!DOCTYPE module PUBLIC "-//NetBeans//DTD Module Status 1.0//EN"
                        "http://www.netbeans.org/dtds/module-status-1_0.dtd">
<module name="eu.europa.ec.joinup.sat.nbdemetra.branding">
    <param name="autoload">false</param>
    <param name="eager">false</param>
    <param name="enabled">true</param>
    <param name="jar">modules/eu-europa-ec-joinup-sat-nbdemetra-branding.jar</param>
    <param name="reloadable">false</param>
</module>
