<?xml version="1.0" encoding="UTF-8"?>
<!DOCTYPE filesystem PUBLIC "-//NetBeans//DTD Filesystem 1.0//EN" "http://www.netbeans.org/dtds/filesystem-1_0.dtd">
<filesystem>
    <folder name="Actions">
        <folder name="Edit">
            <file name="ec-nbdemetra-ui-nodes-actions-CopyAsCsvSourceAction.instance_hidden"/>
            <file name="ec-nbdemetra-ui-nodes-actions-CopySourceAction.instance"/>
        </folder>
        <folder name="Tools">
            <file name="ec-nbdemetra-ui-calendars-AddNationalCalendarProvider.instance_hidden"/>
            <file name="ec-nbdemetra-ui-calendars-NewNationalCalendarProviderAction.instance">
                <attr name="instanceCreate" methodvalue="org.openide.awt.Actions.alwaysEnabled"/>
                <attr name="noIconInMenu" boolvalue="false"/>
            </file>
            <file name="ec-nbdemetra-ui-calendars-actions-AddCalendarAction.instance">
                <attr name="noIconInMenu" boolvalue="false"/>
            </file>
            <file name="ec-nbdemetra-ui-calendars-actions-AddNationalCalendarAction.instance_hidden"/>
            <file name="ec-nbdemetra-ui-calendars-actions-CloneCalendarAction.instance"/>
            <file name="ec-nbdemetra-ui-calendars-actions-EditCalendarAction.instance"/>
            <file name="ec-nbdemetra-ui-calendars-actions-EditNationalCalendarAction.instance_hidden"/>
            <file name="ec-nbdemetra-ui-calendars-actions-ForkCalendarAction.instance_hidden"/>
            <file name="ec-nbdemetra-ui-calendars-actions-NewNationalCalendarAction.instance_hidden"/>
        </folder>
    </folder>
    <folder name="Menu">
        <file name="Edit_hidden"/>
        <folder name="File">
            <file name="Separator2.instance_hidden"/>
            <file name="Separator3.instance_hidden"/>
            <file name="org-netbeans-modules-print-action-PageSetupAction.shadow_hidden"/>
            <file name="org-netbeans-modules-print-action-PrintAction.shadow_hidden"/>
            <file name="org-openide-actions-SaveAction.shadow_hidden"/>
            <file name="org-openide-actions-SaveAllAction.shadow_hidden"/>
            <file name="org-openide-actions-SaveAsAction.shadow_hidden"/>
        </folder>
        <file name="GoTo_hidden"/>
        <folder name="Tools">
            <file name="org-netbeans-modules-favorites-templates-TemplatesAction.shadow_hidden"/>
            <file name="LibrariesCustomizerAction.shadow_hidden"/>
        </folder>
        <folder name="View">
            <file name="Separator1.instance_hidden"/>
            <file name="org-netbeans-core-multiview-EditorsAction.instance_hidden"/>
            <file name="org-netbeans-core-actions-LogAction.shadow_hidden"/>
        </folder>
        <folder name="Window">
            <file name="org-netbeans-core-ide-ServicesTabAction.shadow_hidden"/>
            <file name="org-netbeans-core-windows-actions-GlobalPropertiesAction.shadow">
                <attr name="originalFile" stringvalue="Actions/Window/org-netbeans-core-windows-actions-GlobalPropertiesAction.instance"/>
            </file>
            <file name="org-netbeans-modules-favorites-View.shadow_hidden"/>
            <folder name="Web_hidden"/>
            <folder name="Tools_hidden"/>
        </folder>
    </folder>
    <folder name="Toolbars">
        <folder name="Clipboard_hidden"/>
        <folder name="UndoRedo_hidden"/>
    </folder>
    <folder name="Windows2">
        <folder name="Modes">
            <file name="tsnavigator.wsmode" url="tsnavigatorWsmode.xml"/>
            <file name="tsproperties.wsmode" url="tspropertiesWsmode.xml"/>
        </folder>
    </folder>
</filesystem>
