<?xml version="1.0" encoding="UTF-8"?><module codename="org.netbeans.modules.netbinox">
    <module_version install_time="1422430130129" last="true" origin="installer" specification_version="1.36.1">
        <file crc="3482404302" name="config/Modules/org-netbeans-modules-netbinox.xml"/>
        <file crc="1006536280" name="modules/ext/org.eclipse.osgi_3.9.1.v20140110-1610.jar"/>
        <file crc="433973874" name="modules/locale/org-netbeans-modules-netbinox_ja.jar"/>
        <file crc="1770861395" name="modules/locale/org-netbeans-modules-netbinox_pt_BR.jar"/>
        <file crc="3469268542" name="modules/locale/org-netbeans-modules-netbinox_ru.jar"/>
        <file crc="2344005119" name="modules/locale/org-netbeans-modules-netbinox_zh_CN.jar"/>
        <file crc="2269119563" name="modules/org-netbeans-modules-netbinox.jar"/>
    </module_version>
</module>
