<?xml version="1.0" encoding="UTF-8"?><module codename="org.netbeans.modules.templates/1">
    <module_version install_time="1422430130715" last="true" origin="installer" specification_version="1.3.1">
        <file crc="1866266725" name="config/Modules/org-netbeans-modules-templates.xml"/>
        <file crc="1720880941" name="modules/locale/org-netbeans-modules-templates_ja.jar"/>
        <file crc="1910020665" name="modules/locale/org-netbeans-modules-templates_pt_BR.jar"/>
        <file crc="1442805193" name="modules/locale/org-netbeans-modules-templates_ru.jar"/>
        <file crc="2602533504" name="modules/locale/org-netbeans-modules-templates_zh_CN.jar"/>
        <file crc="634103355" name="modules/org-netbeans-modules-templates.jar"/>
    </module_version>
</module>
