<?xml version="1.0" encoding="UTF-8"?><module codename="org.netbeans.api.progress/1">
    <module_version install_time="1422430135959" last="true" origin="installer" specification_version="1.38.1">
        <file crc="1605883752" name="config/Modules/org-netbeans-api-progress.xml"/>
        <file crc="3332559713" name="modules/locale/org-netbeans-api-progress_ja.jar"/>
        <file crc="963245299" name="modules/locale/org-netbeans-api-progress_pt_BR.jar"/>
        <file crc="2152820425" name="modules/locale/org-netbeans-api-progress_ru.jar"/>
        <file crc="3894575998" name="modules/locale/org-netbeans-api-progress_zh_CN.jar"/>
        <file crc="3514071091" name="modules/org-netbeans-api-progress.jar"/>
    </module_version>
</module>
