<?xml version="1.0" encoding="UTF-8"?><module codename="org.openide.actions">
    <module_version install_time="1422430135062" last="true" origin="installer" specification_version="6.35.1">
        <file crc="3556488737" name="config/Modules/org-openide-actions.xml"/>
        <file crc="130476051" name="modules/locale/org-openide-actions_ja.jar"/>
        <file crc="2405850188" name="modules/locale/org-openide-actions_pt_BR.jar"/>
        <file crc="2834634924" name="modules/locale/org-openide-actions_ru.jar"/>
        <file crc="1520651100" name="modules/locale/org-openide-actions_zh_CN.jar"/>
        <file crc="3391566096" name="modules/org-openide-actions.jar"/>
    </module_version>
</module>
