<?xml version="1.0" encoding="UTF-8"?><module codename="org.netbeans.libs.jsr223/1">
    <module_version install_time="1422430128376" last="true" origin="installer" specification_version="1.32.1">
        <file crc="1051087422" name="config/Modules/org-netbeans-libs-jsr223.xml"/>
        <file crc="2048045004" name="modules/locale/org-netbeans-libs-jsr223_ja.jar"/>
        <file crc="3661418642" name="modules/locale/org-netbeans-libs-jsr223_pt_BR.jar"/>
        <file crc="3057544127" name="modules/locale/org-netbeans-libs-jsr223_ru.jar"/>
        <file crc="2909769096" name="modules/locale/org-netbeans-libs-jsr223_zh_CN.jar"/>
        <file crc="452949684" name="modules/org-netbeans-libs-jsr223.jar"/>
    </module_version>
</module>
