<?xml version="1.0" encoding="UTF-8"?><module codename="org.netbeans.libs.testng/1">
    <module_version install_time="1422430128782" last="true" origin="installer" specification_version="1.11.1">
        <file crc="1204579547" name="config/Modules/org-netbeans-libs-testng.xml"/>
        <file crc="1056733017" name="docs/testng-6.8.1-javadoc.zip"/>
        <file crc="10064524" name="modules/ext/testng-6.8.1-dist.jar"/>
        <file crc="3187225148" name="modules/locale/org-netbeans-libs-testng_ja.jar"/>
        <file crc="3688046146" name="modules/locale/org-netbeans-libs-testng_pt_BR.jar"/>
        <file crc="1584187461" name="modules/locale/org-netbeans-libs-testng_ru.jar"/>
        <file crc="1060592173" name="modules/locale/org-netbeans-libs-testng_zh_CN.jar"/>
        <file crc="1436447154" name="modules/org-netbeans-libs-testng.jar"/>
    </module_version>
</module>
