<?xml version="1.0" encoding="UTF-8"?><module codename="org.netbeans.modules.print">
    <module_version install_time="1422430130343" last="true" origin="installer" specification_version="7.22.1">
        <file crc="4146358971" name="config/Modules/org-netbeans-modules-print.xml"/>
        <file crc="91260567" name="modules/locale/org-netbeans-modules-print_ja.jar"/>
        <file crc="2009539345" name="modules/locale/org-netbeans-modules-print_pt_BR.jar"/>
        <file crc="1337860030" name="modules/locale/org-netbeans-modules-print_ru.jar"/>
        <file crc="237573855" name="modules/locale/org-netbeans-modules-print_zh_CN.jar"/>
        <file crc="1546064103" name="modules/org-netbeans-modules-print.jar"/>
    </module_version>
</module>
