<?xml version="1.0" encoding="UTF-8"?><module codename="org.netbeans.modules.sampler">
    <module_version install_time="1422430135245" last="true" origin="installer" specification_version="1.10.1">
        <file crc="3630527653" name="config/Modules/org-netbeans-modules-sampler.xml"/>
        <file crc="1488533257" name="modules/locale/org-netbeans-modules-sampler_ja.jar"/>
        <file crc="3371613906" name="modules/locale/org-netbeans-modules-sampler_pt_BR.jar"/>
        <file crc="1330103762" name="modules/locale/org-netbeans-modules-sampler_ru.jar"/>
        <file crc="3440205951" name="modules/locale/org-netbeans-modules-sampler_zh_CN.jar"/>
        <file crc="3224124998" name="modules/org-netbeans-modules-sampler.jar"/>
    </module_version>
</module>
