<?xml version="1.0" encoding="UTF-8"?><module codename="org.netbeans.lib.uihandler">
    <module_version install_time="1422430127459" last="true" origin="installer" specification_version="1.41.1">
        <file crc="4049691764" name="config/Modules/org-netbeans-lib-uihandler.xml"/>
        <file crc="1157429734" name="modules/locale/org-netbeans-lib-uihandler_ja.jar"/>
        <file crc="3739976485" name="modules/locale/org-netbeans-lib-uihandler_pt_BR.jar"/>
        <file crc="1506593868" name="modules/locale/org-netbeans-lib-uihandler_ru.jar"/>
        <file crc="1647580792" name="modules/locale/org-netbeans-lib-uihandler_zh_CN.jar"/>
        <file crc="4093463586" name="modules/org-netbeans-lib-uihandler.jar"/>
    </module_version>
</module>
