<?xml version="1.0" encoding="UTF-8"?><module codename="org.netbeans.libs.jna.platform/1">
    <module_version install_time="1422430127956" last="true" origin="installer" specification_version="1.8.1">
        <file crc="2225677004" name="config/Modules/org-netbeans-libs-jna-platform.xml"/>
        <file crc="1947819195" name="modules/ext/jna-platform-4.1.0.jar"/>
        <file crc="2269510696" name="modules/locale/org-netbeans-libs-jna-platform_ja.jar"/>
        <file crc="497720167" name="modules/locale/org-netbeans-libs-jna-platform_pt_BR.jar"/>
        <file crc="3238415422" name="modules/locale/org-netbeans-libs-jna-platform_ru.jar"/>
        <file crc="3953644469" name="modules/locale/org-netbeans-libs-jna-platform_zh_CN.jar"/>
        <file crc="1810923362" name="modules/org-netbeans-libs-jna-platform.jar"/>
    </module_version>
</module>
