<?xml version="1.0" encoding="UTF-8"?><module codename="org.netbeans.core.windows/2">
    <module_version install_time="1422430127308" last="true" origin="installer" specification_version="2.77.1">
        <file crc="1059846727" name="config/Modules/org-netbeans-core-windows.xml"/>
        <file crc="1322509251" name="modules/locale/org-netbeans-core-windows_ja.jar"/>
        <file crc="1325159615" name="modules/locale/org-netbeans-core-windows_pt_BR.jar"/>
        <file crc="3834896266" name="modules/locale/org-netbeans-core-windows_ru.jar"/>
        <file crc="1281375840" name="modules/locale/org-netbeans-core-windows_zh_CN.jar"/>
        <file crc="1663169576" name="modules/org-netbeans-core-windows.jar"/>
    </module_version>
</module>
