<?xml version="1.0" encoding="UTF-8"?><module codename="org.netbeans.libs.osgi">
    <module_version install_time="1422430128541" last="true" origin="installer" specification_version="1.18.1">
        <file crc="3882420389" name="config/Modules/org-netbeans-libs-osgi.xml"/>
        <file crc="56499613" name="modules/ext/osgi.cmpn-4.2.jar"/>
        <file crc="3507308770" name="modules/ext/osgi.core-5.0.0.jar"/>
        <file crc="2562278457" name="modules/locale/org-netbeans-libs-osgi_ja.jar"/>
        <file crc="3920480598" name="modules/locale/org-netbeans-libs-osgi_pt_BR.jar"/>
        <file crc="3024764674" name="modules/locale/org-netbeans-libs-osgi_ru.jar"/>
        <file crc="3974047742" name="modules/locale/org-netbeans-libs-osgi_zh_CN.jar"/>
        <file crc="2197304672" name="modules/org-netbeans-libs-osgi.jar"/>
    </module_version>
</module>
