<?xml version="1.0" encoding="UTF-8"?><module codename="org.netbeans.core.multitabs/1">
    <module_version install_time="1422430126499" last="true" origin="installer" specification_version="1.8.1.1">
        <file crc="3018881510" name="config/Modules/org-netbeans-core-multitabs.xml"/>
        <file crc="1934470574" name="modules/locale/org-netbeans-core-multitabs_ja.jar"/>
        <file crc="1322266654" name="modules/locale/org-netbeans-core-multitabs_pt_BR.jar"/>
        <file crc="3183699138" name="modules/locale/org-netbeans-core-multitabs_ru.jar"/>
        <file crc="1554932429" name="modules/locale/org-netbeans-core-multitabs_zh_CN.jar"/>
        <file crc="2596952429" name="modules/org-netbeans-core-multitabs.jar"/>
    </module_version>
</module>
