<?xml version="1.0" encoding="UTF-8"?><module codename="org.openide.explorer">
    <module_version install_time="1422430134943" last="true" origin="installer" specification_version="6.57.1">
        <file crc="4044847399" name="config/ModuleAutoDeps/org-openide-explorer.xml"/>
        <file crc="3046209104" name="config/Modules/org-openide-explorer.xml"/>
        <file crc="3741294004" name="modules/locale/org-openide-explorer_ja.jar"/>
        <file crc="648793624" name="modules/locale/org-openide-explorer_pt_BR.jar"/>
        <file crc="4165001454" name="modules/locale/org-openide-explorer_ru.jar"/>
        <file crc="2992717271" name="modules/locale/org-openide-explorer_zh_CN.jar"/>
        <file crc="257944032" name="modules/org-openide-explorer.jar"/>
    </module_version>
</module>
