<?xml version="1.0" encoding="UTF-8"?><module codename="org.netbeans.modules.uihandler">
    <module_version install_time="1422430130833" last="true" origin="installer" specification_version="2.31.1">
        <file crc="3675798995" name="config/Modules/org-netbeans-modules-uihandler.xml"/>
        <file crc="3172187861" name="modules/locale/org-netbeans-modules-uihandler_ja.jar"/>
        <file crc="2218265244" name="modules/locale/org-netbeans-modules-uihandler_pt_BR.jar"/>
        <file crc="2024845978" name="modules/locale/org-netbeans-modules-uihandler_ru.jar"/>
        <file crc="3555871065" name="modules/locale/org-netbeans-modules-uihandler_zh_CN.jar"/>
        <file crc="2856469174" name="modules/org-netbeans-modules-uihandler.jar"/>
    </module_version>
</module>
