<?xml version="1.0" encoding="UTF-8"?><module codename="org.netbeans.swing.tabcontrol">
    <module_version install_time="1422430135020" last="true" origin="installer" specification_version="1.51.1">
        <file crc="327432460" name="config/Modules/org-netbeans-swing-tabcontrol.xml"/>
        <file crc="1726409777" name="modules/locale/org-netbeans-swing-tabcontrol_ja.jar"/>
        <file crc="893626318" name="modules/locale/org-netbeans-swing-tabcontrol_pt_BR.jar"/>
        <file crc="3315528442" name="modules/locale/org-netbeans-swing-tabcontrol_ru.jar"/>
        <file crc="2774887220" name="modules/locale/org-netbeans-swing-tabcontrol_zh_CN.jar"/>
        <file crc="191774875" name="modules/org-netbeans-swing-tabcontrol.jar"/>
    </module_version>
</module>
